code,system
35208401,ICD10CM
35208401,ICD10CM
44820964,ICD10CM
44820964,ICD10CM
194992,ICD10CM
194992,ICD10CM
35208401,ICD10CM
35208401,ICD10CM
44820964,ICD10CM
44820964,ICD10CM
194992,ICD10CM
194992,ICD10CM
36716394,ICD10CM
36716394,ICD10CM
36716394,ICD10CM
36716394,ICD10CM
4056336,ICD10CM
4056336,ICD10CM
4056336,ICD10CM
4056336,ICD10CM
4166056,ICD10CM
4166056,ICD10CM
4166056,ICD10CM
4166056,ICD10CM
4218370,ICD10CM
4218370,ICD10CM
4218370,ICD10CM
4218370,ICD10CM
4267871,ICD10CM
4267871,ICD10CM
4267871,ICD10CM
4267871,ICD10CM